[{"id":"9008a820320bc13518246be02e","class":"sheet","title":"Map 1","rootTopic":{"id":"b9aa22deba98b3b20c7ac8aca2","class":"topic","title":"语言分类","structureClass":"org.xmind.ui.map.unbalanced","children":{"attached":[{"id":"b58888b5ceebbf0e68dada0656","title":"自然语言","children":{"attached":[{"id":"7c712346-2c9a-4e99-b607-b248d1db79ff","title":"中文日语"},{"id":"69323add-338e-4afc-9d53-bb7f289266ad","title":"英文西班牙语"}]}},{"id":"193b56735e689ae86a01d91513","title":"形式语言","children":{"attached":[{"id":"34ae3e29-9b44-4cc5-a0d9-bf525ebede5b","title":"数学运算符"},{"id":"af1534f0-e817-438b-9654-02197100ef65","title":"化学分子式"},{"id":"41dafc8d-e298-4392-a3d7-4916a4c831d6","title":"编程语言"}]}},{"id":"67ddbcb1-85c9-4478-a0aa-580e9fdcd971","title":"人工语言","children":{"attached":[{"id":"350d3fdc-fbe8-4790-90e9-12515537d746","title":"人造语言半自然"},{"id":"1c35959b-3ed4-402e-9bdd-08c3d227ba2e","title":"形式语言"}]}},{"id":"ce02ebe1-d52d-4415-8717-25074975ca1a","title":"编程语言","children":{"attached":[{"id":"0df25e27-4cdf-4919-b622-854f78b3d7c5","title":"QL查询语言","children":{"attached":[{"id":"2b8b43e1-f086-43c1-8302-503be07e8a23","title":"sql","titleUnedited":true,"children":{"attached":[{"id":"753c7d31-89d1-415a-924c-3f3cf68b0b3f","title":"DQL、DML"},{"id":"8af56b84-dede-401e-a450-321d015958fd","title":"数据定义语言DDL"},{"id":"4b08bf7d-0b77-4db2-9554-8b8306008862","title":"数据控制语言 DCL"},{"id":"aa795b87-325c-433d-b1fb-68eb991ae9be","title":"事务处理语言（TPL）"},{"id":"5da86b9a-dec6-44e0-9678-fe584048728b","title":" 指针控制语言（CCL）："}]}},{"id":"8fec513b-af4a-4078-873c-a5a6c86c296a","title":"jpql"},{"id":"a90e6403-6ea3-4428-946f-6b5bc9a469cb","title":"ongl "},{"id":"cab8a18e-949e-40f5-bc54-86cdceac87b2","title":"spel"},{"id":"be8c9aa1-5786-4a7b-9bda-fb6d37d99d1f","title":"josn ql(esql)"},{"id":"28fda8ac-797d-433b-b7fa-a5218d331861","title":"GraphQL"}]},"position":{"x":-325.5,"y":49.5},"titleUnedited":true},{"id":"abdb7978-d1ff-4a00-99a2-0e1bc2984a27","title":"ML标记语言","children":{"attached":[{"id":"4d1d86be-09ca-4914-a16d-f53baf4a48d4","title":"h5"},{"id":"50b20ac0-465c-4a2d-bd29-6f9dba1bd63d","title":"xml"},{"id":"f9900d3b-150c-4b11-91d7-bbe047dd7a07","title":"markdown"}]}},{"id":"3d65de0b-935e-47d5-a3e6-6d16886e93da","title":"表达式语言EL","children":{"attached":[{"id":"16a904a8-7411-44e0-aaa9-93617063c8d3","title":"SPEL"},{"id":"099f2188-b6c0-4ac4-b3e3-4a491ddc132a","title":"ONGL"},{"id":"28494b3e-17af-4080-81ef-c2550eb89eb4","title":"rel正则"},{"id":"2b58fcce-291d-4bd2-976c-c2c4e828ad00","title":"Juel"}]}},{"id":"78283e38-cb86-42ce-9966-f633702f4c00","title":"代际分类法GL","children":{"attached":[{"id":"d3826350-6f08-4397-ab35-52c3cdfec31c","title":"5gl自然语言"},{"id":"e0e566c5-bd9c-48be-9b2f-0f7051a5f36f","title":"1-4gl"}]},"titleUnedited":true},{"id":"c0afa9af-f7a5-4f7a-9c7b-dbf4622c86a8","title":"领域分类法","children":{"attached":[{"id":"9dc4a798-04b1-4911-8568-96e37e4ffe3b","title":"通用编程语言(GPL","titleUnedited":true,"children":{"attached":[{"id":"83941b09-6366-41f6-a49c-4d88ab4d1613","title":"java js"},{"id":"5b4a1921-696f-42f5-abbe-b239e56f02c8","title":" php net"},{"id":"473e6e29-2eeb-40ec-a7da-caf46cc5987f","title":"python"}]}},{"id":"2afec254-bfb3-4ecd-a9ca-3323b03e81ff","title":"dsl","titleUnedited":true,"children":{"attached":[{"id":"2bd45392-5035-444c-8ea7-9fdf3c5d5764","title":"h5 css sql"},{"id":"f381178d-90ef-4565-81eb-fdf257b97d0b","title":"regExp"},{"id":"7832c079-9a98-41cc-8ee2-9ae2ff25d9d2","title":"LINQ"},{"id":"f74ecc76-7b7b-4efe-beaf-03c8825f6f91","title":"xml yml"},{"id":"159fd7c6-b96e-4264-9e82-793b83ccf322","title":"ONGL"}]}}]},"titleUnedited":true}]}}]},"extensions":[{"content":[{"content":"3","name":"right-number"}],"provider":"org.xmind.ui.map.unbalanced"}]},"theme":{"id":"f7f73af7-90f2-4afe-854b-d4a569205111","importantTopic":{"type":"topic","properties":{"fo:font-weight":"bold","fo:color":"#F04137","svg:fill":"none"}},"minorTopic":{"type":"topic","properties":{"svg:fill":"none","fo:font-weight":"bold","fo:color":"#06ABD0"}},"expiredTopic":{"type":"topic","properties":{"fo:font-style":"italic","fo:text-decoration":" line-through"}},"centralTopic":{"properties":{"fo:color":"#000000","fo:font-family":"Avenir Next","fo:font-weight":"600","fo:font-size":"24pt","fo:font-style":"normal","border-line-width":"0","border-line-color":"#374C75","line-color":"#374C75","line-width":"3pt","svg:fill":"#FFFFFF"},"styleId":"39687c955b998eedc81008bf3f","type":"topic"},"boundary":{"properties":{"fo:font-style":"normal","fo:color":"#FFFFFF","fo:font-family":"Avenir Next","fo:font-weight":"600","fo:font-size":"14pt","svg:fill":"#E9E9E8","line-color":"#5E5E5E","line-pattern":"dot"},"styleId":"29f9b72a43c95e2d17c1ebd6c8","type":"boundary"},"floatingTopic":{"properties":{"svg:fill":"#EBEBEB","shape-class":"org.xmind.topicShape.roundedRect","border-line-width":"0pt","border-line-color":"#374C75","fo:color":"#332F2E","fo:font-family":"Avenir Next","fo:font-size":"14pt","fo:font-weight":"600","fo:font-style":"normal","line-class":"org.xmind.branchConnection.bight","line-color":"#5E5E5E","line-width":"2pt"},"styleId":"8edb0655eed84223023988f896","type":"topic"},"subTopic":{"type":"topic","properties":{"line-class":"org.xmind.branchConnection.bight","line-width":"1pt","fo:font-family":"Avenir Next","fo:font-size":"14pt","fo:color":"#091C34","fo:text-align":"left"}},"mainTopic":{"type":"topic","properties":{"border-line-width":"2pt","line-class":"org.xmind.branchConnection.bight","line-width":"2pt","svg:fill":"none","shape-class":"org.xmind.topicShape.underline","fo:color":"#091C34","fo:font-size":"16pt","fo:font-family":"Avenir Next","fo:font-weight":"500"}},"calloutTopic":{"properties":{"fo:font-weight":"600","fo:font-style":"normal","fo:font-size":"14pt","fo:font-family":"Avenir Next","border-line-width":"0","svg:fill":"#5E5E5E","fo:color":"#FFFFFF"},"styleId":"4379160bdc98a456dd60a8721d","type":"topic"},"summary":{"properties":{"shape-class":"org.xmind.summaryShape.square","line-width":"2pt","line-color":"#5E5E5E"},"styleId":"14394c4b1a5b6b534182699edf","type":"summary"},"summaryTopic":{"properties":{"line-class":"org.xmind.branchConnection.bight","line-width":"1pt","line-color":"#5E5E5E","shape-class":"org.xmind.topicShape.roundedRect","svg:fill":"#EBEBEB","fo:color":"#091C34","fo:font-weight":"600","fo:font-style":"normal","fo:font-family":"Avenir Next","fo:font-size":"14pt","border-line-width":"0pt","border-line-color":"#5E5E5E"},"styleId":"963bfcbd450931f641aef94ec5","type":"topic"},"relationship":{"properties":{"line-width":"2pt","line-pattern":"dot","line-color":"#5E5E5E","fo:font-weight":"600","fo:font-style":"normal","fo:color":"#5E5E5E","fo:font-family":"Avenir Next","fo:font-size":"14pt","arrow-begin-class":"org.xmind.arrowShape.attached"},"styleId":"67596f401d995d448791686b97","type":"relationship"},"map":{"properties":{"multi-line-colors":"#F04137 #F8932E #FEC938 #A0C347 #06ABD0 #832A96","line-tapered":"tapered","svg:fill":"#F5F5FA"},"styleId":"c9c904312f6968e676f4fafd22","type":"map"},"level3":{"type":"topic","properties":{"line-class":"org.xmind.branchConnection.bight","line-width":"1pt","border-line-width":"2pt","fo:font-family":"Avenir Next","fo:font-size":"14pt","fo:color":"#091C34","fo:text-align":"left"}}},"topicPositioning":"fixed"}]